{
  "comment": "Contoh event.json dengan parameter 'in' untuk bulk API call",
  "description": "Konfigurasi ini akan mengambil data image untuk semua part_pk dalam satu API call alih-alih multiple calls",
  
  "api": {
    "imageFromPk": {
      "url": "http://localhost:8004/api/part/",
      "in": {
        "id_in": "${graph.mo_order_shop.part_pk}"
      },
      "method": "GET",
      "headers": {
        "Authorization": "Basic YWRtaW46YWRtaW4="
      }
    }
  },
  
  "examples": {
    "traditional_multiple_calls": {
      "comment": "Cara lama - multiple API calls (TIDAK DISARANKAN)",
      "imageFromPk": {
        "url": "http://localhost:8004/api/part/${graph.mo_order_shop.part_pk}/",
        "method": "GET",
        "headers": {
          "Authorization": "Basic YWRtaW46YWRtaW4="
        }
      }
    },
    
    "bulk_single_call": {
      "comment": "Cara baru - single bulk API call (DISARANKAN)",
      "imageFromPk": {
        "url": "http://localhost:8004/api/part/",
        "in": {
          "id_in": "${graph.mo_order_shop.part_pk}"
        },
        "method": "GET",
        "headers": {
          "Authorization": "Basic YWRtaW46YWRtaW4="
        }
      }
    },
    
    "multiple_in_parameters": {
      "comment": "Contoh dengan multiple parameter 'in'",
      "bulkProductData": {
        "url": "http://localhost:8004/api/products/bulk/",
        "in": {
          "part_ids": "${graph.mo_order_shop.part_pk}",
          "category_ids": "${graph.mo_order_shop.category_id}",
          "supplier_codes": "${graph.mo_order_shop.supplier_code}"
        },
        "method": "GET",
        "headers": {
          "Authorization": "Basic YWRtaW46YWRtaW4="
        }
      }
    }
  },
  
  "performance_comparison": {
    "without_in_parameter": {
      "description": "Traditional approach - Multiple API calls",
      "calls": [
        "GET /api/part/20000/",
        "GET /api/part/1111/", 
        "GET /api/part/22222/",
        "GET /api/part/33333/"
      ],
      "total_calls": 4,
      "estimated_time": "590ms",
      "network_overhead": "High",
      "server_load": "High"
    },
    
    "with_in_parameter": {
      "description": "Bulk approach - Single API call",
      "calls": [
        "GET /api/part/?id_in=20000,1111,22222,33333"
      ],
      "total_calls": 1,
      "estimated_time": "200ms",
      "network_overhead": "Low",
      "server_load": "Low",
      "performance_improvement": "66% faster"
    }
  },
  
  "usage_notes": {
    "automatic_features": [
      "Null/undefined values are automatically filtered out",
      "Dynamic field mapping based on PK",
      "Fallback to 'unknown' for missing image data",
      "Detailed logging for debugging"
    ],
    
    "requirements": [
      "API endpoint must support 'in' parameter (e.g., ?id_in=1,2,3)",
      "Response should include PK field for mapping",
      "Response format should be consistent with existing schema"
    ],
    
    "troubleshooting": [
      "Check console logs for detailed API call information",
      "Verify API endpoint supports bulk queries",
      "Ensure response format matches expected schema",
      "Check network tab for actual API calls being made"
    ]
  }
}
