{
  "api": {
    "imageFromPk": {
      "url": "http://localhost:8004/api/part/",
      "in": {
        "id_in": "${graph.mo_order_shop.part_pk}"
      },
      "method": "GET",
      "headers": {
        "Authorization": "Basic YWRtaW46YWRtaW4="
      }
    },
    "supplierBulk": {
      "url": "http://localhost:8004/api/supplier/bulk/",
      "in": {
        "supplier_ids": "${graph.mo_order_shop.supplier_id}",
        "status": "active"
      },
      "method": "GET",
      "headers": {
        "Authorization": "Basic YWRtaW46YWRtaW4="
      }
    },
    "productCategories": {
      "url": "http://localhost:8004/api/product/categories/",
      "in": {
        "category_in": "${graph.mo_order_shop.category_id}",
        "part_in": "${graph.mo_order_shop.part_pk}",
        "include_inactive": "false"
      },
      "method": "GET"
    }
  },
  "components": [
    {
      "type": "datagrid",
      "key": "orderItems",
      "label": "Order Items",
      "columns": [
        {
          "components": [
            {
              "type": "textfield",
              "key": "part_pk",
              "label": "Part PK"
            },
            {
              "type": "textfield",
              "key": "product_name",
              "label": "Product Name"
            },
            {
              "type": "textfield",
              "key": "image",
              "label": "Image URL",
              "defaultValue": "unknown"
            },
            {
              "type": "textfield",
              "key": "supplier_name",
              "label": "Supplier",
              "defaultValue": "unknown"
            },
            {
              "type": "textfield",
              "key": "category_name",
              "label": "Category",
              "defaultValue": "unknown"
            }
          ]
        }
      ]
    }
  ]
}
