{
    "onRender": {
        "api": {
            "imageFromPk": {
                "url": "http:/localhost:8004/api/part/?",
                "in": {
                    "id_in": "${graph.mo_order_shop.part_pk}"
                },
                "method": "GET",
                "headers": {
                    "Authorization": "Basic YWRtaW46YWRtaW4="
                }
            }
        },
        "graph": {
            "method": "query",
            "endpoint": "http://localhost:9000/v1/graphql",
            "gqlQuery": "query MyQuery($proc_inst_id: [String!]) { mo_order_shop(where: {proc_inst_id: {_in: $proc_inst_id}}) { proc_inst_id invoice resi product_name sku_toko quantity_order part_pk picked_status } mo_order(where: {proc_inst_id: {_in: $proc_inst_id}}) { courier_name } }",
            "variables": {
                "proc_inst_id": "[${instance}]"
            }
        },
        "query": "",
        "endpoint": "/dynamicQuery/data"
    },
    "onSubmit": {
        "method": "POST",
        "endpoint": "https://mirorim.ddns.net:6789/backendBandung/dynamicSubmit"
    }
}