{
    "data": {
        "schema": {
            "display": "form",
            "components": [
                {
                    "key": "textField",
                    "type": "textfield",
                    "input": false,
                    "label": "Urgent Notice",
                    "disabled": true,
                    "tableView": true,
                    "persistent": false,
                    "applyMaskOn": "change",
                    "conditional": {
                        "eq": "instant",
                        "show": true,
                        "when": "courier_name"
                    },
                    "customClass": "urgent-alert",
                    "defaultValue": "⚠️ URGENT INSTANT!!!",
                    "validateWhenHidden": false
                },
                {
                    "key": "courier_name",
                    "type": "textfield",
                    "input": true,
                    "label": "Nama Kurir",
                    "table": "mo_order",
                    "hidden": true,
                    "tableView": true,
                    "applyMaskOn": "change",
                    "clearOnHide": false,
                    "validateWhenHidden": false,
                    "defaultValue": "JNE"
                },
                {
                    "key": "user_picker",
                    "type": "textfield",
                    "input": true,
                    "label": "User Picker",
                    "hidden": true,
                    "tableView": true,
                    "applyMaskOn": "change",
                    "clearOnHide": false,
                    "defaultValue": "Dwi Christianto",
                    "validateWhenHidden": false
                },
                {
                    "key": "user_picker_id",
                    "type": "textfield",
                    "input": true,
                    "label": "User Picker",
                    "hidden": true,
                    "tableView": true,
                    "applyMaskOn": "change",
                    "clearOnHide": false,
                    "defaultValue": "89001",
                    "validateWhenHidden": false
                },
                {
                    "key": "proc_inst_id",
                    "type": "textfield",
                    "input": true,
                    "label": "Instance ID",
                    "table": "mo_order_shop",
                    "hidden": true,
                    "tableView": true,
                    "applyMaskOn": "change",
                    "clearOnHide": false,
                    "validateWhenHidden": false,
                    "defaultValue": "c7e7d773-459c-11f0-8698-00163e000000"
                },
                {
                    "key": "invoice",
                    "type": "textfield",
                    "input": false,
                    "label": "Invoice",
                    "table": "mo_order_shop",
                    "disabled": true,
                    "tableView": true,
                    "persistent": false,
                    "validateWhenHidden": false,
                    "defaultValue": "2506094C4US9KM"
                },
                {
                    "key": "resi",
                    "type": "textfield",
                    "input": false,
                    "label": "Resi",
                    "table": "mo_order_shop",
                    "disabled": true,
                    "tableView": true,
                    "persistent": false,
                    "validateWhenHidden": false,
                    "defaultValue": "CM61336354075"
                },
                {
                    "key": "picked_at",
                    "type": "datetime",
                    "input": true,
                    "label": "Picked Date",
                    "widget": {
                        "mode": "single",
                        "type": "calendar",
                        "format": "yyyy-MM-dd hh:mm a",
                        "locale": "en",
                        "maxDate": null,
                        "minDate": null,
                        "timezone": "Asia/Jakarta",
                        "time_24hr": false,
                        "allowInput": true,
                        "enableTime": true,
                        "noCalendar": false,
                        "hourIncrement": 1,
                        "minuteIncrement": 1,
                        "displayInTimezone": "location",
                        "useLocaleSettings": false
                    },
                    "disabled": true,
                    "timezone": "Asia/Jakarta",
                    "tableView": true,
                    "persistent": false,
                    "applyMaskOn": "change",
                    "clearOnHide": false,
                    "calculateValue": "value = new Date(new Date().getTime() + 7 * 60 * 60 * 1000).toISOString().replace('T', ' ').split('.')[0]",
                    "displayInTimezone": "location",
                    "validateWhenHidden": false
                },
                {
                    "key": "products",
                    "type": "datagrid",
                    "input": true,
                    "label": "List Product",
                    "tableView": false,
                    "components": [
                        {
                            "key": "image_preview",
                            "html": "<div style='text-align:center;'><img loading='lazy' src='https://mirorim.ddns.net:8111{{ row.image }}' alt='Gambar Produk' style='max-width:100px; height:auto;'/></div>",
                            "type": "content",
                            "input": false,
                            "label": "Gambar Produk",
                            "tableView": false
                        },
                        {
                            "key": "image",
                            "type": "textfield",
                            "input": true,
                            "label": "URL Gambar",
                            "hidden": true,
                            "apiSource": {
                                "link": "https://mirorim.ddns.net:8111",
                                "source": "imageFromPk",
                                "valueKey": "image"
                            },
                            "tableView": false
                        },
                        {
                            "key": "product_name",
                            "type": "textarea",
                            "input": false,
                            "label": "Nama Product",
                            "table": "mo_order_shop",
                            "disabled": true,
                            "tableView": true,
                            "persistent": false,
                            "validateWhenHidden": false
                        },
                        {
                            "key": "sku_toko",
                            "type": "textfield",
                            "input": false,
                            "label": "SKU TOKO",
                            "table": "mo_order_shop",
                            "disabled": true,
                            "tableView": true,
                            "persistent": false,
                            "validateWhenHidden": false
                        },
                        {
                            "key": "quantity_order",
                            "type": "textfield",
                            "input": false,
                            "label": "Quantity",
                            "table": "mo_order_shop",
                            "disabled": true,
                            "tableView": true,
                            "persistent": false,
                            "validateWhenHidden": false
                        },
                        {
                            "key": "units_information",
                            "type": "textfield",
                            "input": false,
                            "label": "Units",
                            "disabled": true,
                            "apiSource": {
                                "source": "imageFromPk",
                                "valueKey": "units"
                            },
                            "tableView": true,
                            "persistent": false,
                            "validateWhenHidden": false
                        },
                        {
                            "key": "check",
                            "type": "checkbox",
                            "input": true,
                            "label": "Check",
                            "tableView": true,
                            "applyMaskOn": "change",
                            "clearOnHide": false,
                            "conditional": {
                                "eq": "picked",
                                "show": false,
                                "when": "products.picked_status"
                            },
                            "calculateValue": "value = (row && row.picked_status === 'picked') ? true : value",
                            "validateWhenHidden": false
                        },
                        {
                            "key": "picked_status",
                            "type": "textfield",
                            "input": true,
                            "label": "Status Picked",
                            "table": "mo_order_shop",
                            "hidden": true,
                            "tableView": true,
                            "applyMaskOn": "change",
                            "clearOnHide": false,
                            "validateWhenHidden": false
                        }
                    ],
                    "defaultValue": [
                        {
                            "image_preview": "<div style='text-align:center;'><img loading='lazy' src='https://mirorim.ddns.net:8111{{ row.image }}' alt='Gambar Produk' style='max-width:100px; height:auto;'/></div>",
                            "image": "/media/part_images/5656659124fdba7edf4be043a3e81c0c.jpeg",
                            "product_name": "High Power LED HPL 1W Super Bright Blue Biru Green Hijau Red Merah",
                            "sku_toko": "6O15",
                            "quantity_order": 5,
                            "units_information": "pcs",
                            "picked_status": null
                        },
                        {
                            "image_preview": "<div style='text-align:center;'><img loading='lazy' src='https://mirorim.ddns.net:8111{{ row.image }}' alt='Gambar Produk' style='max-width:100px; height:auto;'/></div>",
                            "image": "/media/part_images/926b37a0f1c7f633f9646bd2c514d47a.jpeg",
                            "product_name": "Lensa HPL 20mm LED Plano-Convex Lens fokus sorot 15 30 45 60 90 120",
                            "sku_toko": "14B4",
                            "quantity_order": 1,
                            "units_information": "pcs",
                            "picked_status": null
                        },
                        {
                            "image_preview": "<div style='text-align:center;'><img loading='lazy' src='https://mirorim.ddns.net:8111{{ row.image }}' alt='Gambar Produk' style='max-width:100px; height:auto;'/></div>",
                            "image": "/media/part_images/6af6edda-572e-466b-ab25-f24dc50fe80b.png",
                            "product_name": "Kabel Buntung Steker Listrik AC Power 220V Cable Colokan Jack Lampu",
                            "sku_toko": "2K3",
                            "quantity_order": 2,
                            "units_information": "pcs",
                            "picked_status": null
                        },
                        {
                            "image_preview": "<div style='text-align:center;'><img loading='lazy' src='https://mirorim.ddns.net:8111{{ row.image }}' alt='Gambar Produk' style='max-width:100px; height:auto;'/></div>",
                            "image": "/media/part_images/a69e714c3a7b7f30465592be9d7df327.jpeg",
                            "product_name": "ELNA Non Polar ELCO Capacitor ELKO Kapasitor NP 4.7uF 6.8uF 10uF 100V",
                            "sku_toko": "6A6",
                            "quantity_order": 10,
                            "units_information": "pcs",
                            "picked_status": null
                        },
                        {
                            "image_preview": "<div style='text-align:center;'><img loading='lazy' src='https://mirorim.ddns.net:8111{{ row.image }}' alt='Gambar Produk' style='max-width:100px; height:auto;'/></div>",
                            "image": "/media/part_images/da4e9b04a024a64d5065ea560aa9ad44.jpeg",
                            "product_name": "ELNA Non Polar ELCO Capacitor ELKO Kapasitor NP 4.7uF 6.8uF 10uF 100V",
                            "sku_toko": "8K8",
                            "quantity_order": 7,
                            "units_information": "pcs",
                            "picked_status": null
                        },
                        {
                            "image_preview": "<div style='text-align:center;'><img loading='lazy' src='https://mirorim.ddns.net:8111{{ row.image }}' alt='Gambar Produk' style='max-width:100px; height:auto;'/></div>",
                            "image": "/media/part_images/ec46d6b3a8ca4e42918b79ac02644fa7.jpeg",
                            "product_name": "ELCO ELKO 33uF/50V 22uF/50V 10uF/50V 4.7uF/50V 2.2uF/50V 1uF/50V uF V",
                            "sku_toko": "6D10",
                            "quantity_order": 10,
                            "units_information": "pcs",
                            "picked_status": null
                        },
                        {
                            "image_preview": "<div style='text-align:center;'><img loading='lazy' src='https://mirorim.ddns.net:8111{{ row.image }}' alt='Gambar Produk' style='max-width:100px; height:auto;'/></div>",
                            "image": "/media/part_images/9788f4cb16a89f3a1f5ef110be6fb1ed.jpeg",
                            "product_name": "ELCO ELKO 33uF/50V 22uF/50V 10uF/50V 4.7uF/50V 2.2uF/50V 1uF/50V uF V",
                            "sku_toko": "6G6",
                            "quantity_order": 10,
                            "units_information": "pcs",
                            "picked_status": null
                        },
                        {
                            "image_preview": "<div style='text-align:center;'><img loading='lazy' src='https://mirorim.ddns.net:8111{{ row.image }}' alt='Gambar Produk' style='max-width:100px; height:auto;'/></div>",
                            "image": "/media/part_images/34cafa709bc92a3b01091ca9307be08c.jpeg",
                            "product_name": "ELCO ELKO 33uF/50V 22uF/50V 10uF/50V 4.7uF/50V 2.2uF/50V 1uF/50V uF V",
                            "sku_toko": "8E15",
                            "quantity_order": 10,
                            "units_information": "pcs",
                            "picked_status": null
                        },
                        {
                            "image_preview": "<div style='text-align:center;'><img loading='lazy' src='https://mirorim.ddns.net:8111{{ row.image }}' alt='Gambar Produk' style='max-width:100px; height:auto;'/></div>",
                            "image": "/media/part_images/cdece8f364a1a0254495b308c90e56ac.jpeg",
                            "product_name": "ELCO ELKO 470uF/16V 220uF/35V 100uF/50V/63V 47uF/63V/100V 10uF/250V uF",
                            "sku_toko": "6B9",
                            "quantity_order": 10,
                            "units_information": "pcs",
                            "picked_status": null
                        },
                        {
                            "image_preview": "<div style='text-align:center;'><img loading='lazy' src='https://mirorim.ddns.net:8111{{ row.image }}' alt='Gambar Produk' style='max-width:100px; height:auto;'/></div>",
                            "image": "/media/part_images/572b7e0169b6de63a06d19b0417e363b.jpeg",
                            "product_name": "ELCO ELKO 470uF/16V 220uF/35V 100uF/50V/63V 47uF/63V/100V 10uF/250V uF",
                            "sku_toko": "6I13",
                            "quantity_order": 10,
                            "units_information": "pcs",
                            "picked_status": null
                        },
                        {
                            "image_preview": "<div style='text-align:center;'><img loading='lazy' src='https://mirorim.ddns.net:8111{{ row.image }}' alt='Gambar Produk' style='max-width:100px; height:auto;'/></div>",
                            "image": "/media/part_images/f0f082467bd7e93b638819c30e7ca20e.jpeg",
                            "product_name": "ELCO ELKO 470uF/16V 220uF/35V 100uF/50V/63V 47uF/63V/100V 10uF/250V uF",
                            "sku_toko": "6C8",
                            "quantity_order": 10,
                            "units_information": "pcs",
                            "picked_status": null
                        },
                        {
                            "image_preview": "<div style='text-align:center;'><img loading='lazy' src='https://mirorim.ddns.net:8111{{ row.image }}' alt='Gambar Produk' style='max-width:100px; height:auto;'/></div>",
                            "image": "/media/part_images/856fb896-20d6-42be-b81a-62d0bafe25be.png",
                            "product_name": "Resistor 5 Watt 5W 0.1 0.22 0.33 0.47 0.5 10 100 4.7K 4K7 ohm 5% Kapur",
                            "sku_toko": "8F24",
                            "quantity_order": 4,
                            "units_information": "pcs",
                            "picked_status": null
                        },
                        {
                            "image_preview": "<div style='text-align:center;'><img loading='lazy' src='https://mirorim.ddns.net:8111{{ row.image }}' alt='Gambar Produk' style='max-width:100px; height:auto;'/></div>",
                            "image": "/media/part_images/a143c90951fda9bd1b6171293c8ce981.png",
                            "product_name": "Resistor 5 Watt 5W 0.1 0.22 0.33 0.47 0.5 10 100 4.7K 4K7 ohm 5% Kapur",
                            "sku_toko": "8H16",
                            "quantity_order": 4,
                            "units_information": "pcs",
                            "picked_status": null
                        },
                        {
                            "image_preview": "<div style='text-align:center;'><img loading='lazy' src='https://mirorim.ddns.net:8111{{ row.image }}' alt='Gambar Produk' style='max-width:100px; height:auto;'/></div>",
                            "image": "/media/part_images/6f7e8f9dabf55fe38815693f25b96c21.jpeg",
                            "product_name": "Resistor 5 Watt 5W 0.1 0.22 0.33 0.47 0.5 10 100 4.7K 4K7 ohm 5% Kapur",
                            "sku_toko": "8A1",
                            "quantity_order": 4,
                            "units_information": "pcs",
                            "picked_status": null
                        },
                        {
                            "image_preview": "<div style='text-align:center;'><img loading='lazy' src='https://mirorim.ddns.net:8111{{ row.image }}' alt='Gambar Produk' style='max-width:100px; height:auto;'/></div>",
                            "image": "unknown",
                            "product_name": "Heatshrink Isolasi Selongsong Selang Bakar Heat Shrink 3 mm 3mm",
                            "sku_toko": "20D3",
                            "quantity_order": 5,
                            "picked_status": null
                        }
                    ]
                },
                {
                    "key": "action",
                    "data": {
                        "values": [
                            {
                                "label": "Submit",
                                "value": "submit"
                            },
                            {
                                "label": "Save",
                                "value": "save"
                            }
                        ]
                    },
                    "type": "select",
                    "input": true,
                    "label": "Action",
                    "widget": {
                        "type": "choicesjs"
                    },
                    "tableView": true,
                    "customOptions": {
                        "searchEnabled": false
                    },
                    "validateWhenHidden": false
                },
                {
                    "key": "checkAll",
                    "html": "<div style='background-color: #ffcccc; color: red; font-weight: bold; padding: 10px; border-radius: 5px;'>⚠️ ADA PRODUCT YANG BELUM DI CHECKLIST!!!</div>",
                    "type": "content",
                    "label": "",
                    "customConditional": "show = data.action === 'submit' && !(data.products || []).every(p => p.check === true);"
                },
                {
                    "key": "validasi",
                    "data": {
                        "values": [
                            {
                                "label": "Yakin",
                                "value": "yes"
                            }
                        ]
                    },
                    "type": "select",
                    "input": true,
                    "label": "Yakin untuk submit?",
                    "widget": "choicesjs",
                    "tableView": true,
                    "customOptions": {
                        "searchEnabled": false
                    },
                    "validateWhenHidden": false
                },
                {
                    "key": "status_proses",
                    "type": "textfield",
                    "input": true,
                    "label": "Status",
                    "hidden": true,
                    "disabled": true,
                    "tableView": true,
                    "applyMaskOn": "change",
                    "clearOnHide": false,
                    "calculateValue": "value = (data.products || []).every(p => p.check === true) ? 'box' : 'refund'",
                    "validateWhenHidden": false
                },
                {
                    "key": "submit",
                    "type": "button",
                    "event": "submit",
                    "input": true,
                    "label": "Submit",
                    "action": "event",
                    "tableView": false,
                    "customClass": "ml-auto mt-3",
                    "saveOnEnter": false,
                    "showValidations": false
                }
            ]
        },
        "onRenderDetails": {
            "api": {
                "imageFromPk": {
                    "url": "http:/localhost:8004/api/part/:id/",
                    "path": {
                        "id": "${graph.mo_order_shop.part_pk}"
                    },
                    "method": "GET",
                    "headers": {
                        "Authorization": "Basic YWRtaW46YWRtaW4="
                    }
                }
            },
            "graph": {
                "method": "query",
                "endpoint": "http://localhost:9000/v1/graphql",
                "gqlQuery": "query MyQuery($proc_inst_id: [String!]) { mo_order_shop(where: {proc_inst_id: {_in: $proc_inst_id}}) { proc_inst_id invoice resi product_name sku_toko quantity_order part_pk picked_status } mo_order(where: {proc_inst_id: {_in: $proc_inst_id}}) { courier_name } }",
                "variables": {
                    "proc_inst_id": "c7e7d773-459c-11f0-8698-00163e000000"
                }
            },
            "query": "",
            "endpoint": "/dynamicQuery/data"
        },
        "event": {
            "onSubmit": {
                "method": "POST",
                "endpoint": "https://mirorim.ddns.net:6789/backendBandung/dynamicSubmit"
            }
        }
    }
}