{
    "display": "form",
    "components": [
        {
            "key": "kurir",
            "type": "textfield",
            "input": true,
            "label": "Kurir ID",
            "table": "mo_order_shop",
            "hidden": false,
            "tableView": true,
            "applyMaskOn": "change",
            "clearOnHide": false,
            "validateWhenHidden": false
        },
        {
            "key": "submissionGrid",
            "type": "datagrid",
            "input": true,
            "label": "List Product",
            "removeRow": false,
            "tableView": false,
            "components": [
                {
                    "key": "proc_inst_id",
                    "type": "textfield",
                    "input": true,
                    "label": "Instance ID",
                    "table": "mo_order_shop",
                    "hidden": true,
                    "tableView": true,
                    "applyMaskOn": "change",
                    "clearOnHide": false,
                    "validateWhenHidden": false
                },
                {
                    "key": "invoice",
                    "type": "textfield",
                    "input": false,
                    "label": "Invoice",
                    "table": "mo_order_shop",
                    "disabled": true,
                    "tableView": true,
                    "persistent": false,
                    "validateWhenHidden": false
                }
            ]
        },
        {
            "key": "submit",
            "type": "button",
            "event": "submit",
            "input": true,
            "label": "Submit",
            "action": "event",
            "tableView": false,
            "customClass": "ml-auto",
            "saveOnEnter": false,
            "showValidations": false
        }
    ]
  }