{
  "display": "form",
  "components": [
      {
          "key": "id_employee",
          "type": "textfield",
          "input": true,
          "label": "Initiator Id",
          "hidden": true,
          "tableView": true,
          "applyMaskOn": "change",
          "clearOnHide": false,
          "defaultValue": "session.uid",
          "validateWhenHidden": false
      },
      {
          "key": "name_employee",
          "type": "textfield",
          "input": true,
          "label": "Initiator Name",
          "disabled": true,
          "tableView": true,
          "persistent": false,
          "applyMaskOn": "change",
          "defaultValue": "session.fid",
          "validateWhenHidden": false
      },
      {
          "key": "invoice",
          "type": "select",
          "input": true,
          "label": "List Invoice",
          "table": "mo_order",
          "widget": "choicesjs",
          "validate": {
              "required": true
          },
          "tableView": true,
          "graphConfig": {
              "labelKey": "invoice",
              "valueKey": "invoice"
          },
          "validateWhenHidden": false,
          "onChange": {
              "refreshField": ["kurir"]
          }
      },
      {
          "key": "kurir",
          "type": "textfield",
          "input": false,
          "label": "Jenis Refill",
          "hidden": true,
          "disabled": true,
          "table": "mo_order",
          "graphConfig": {
              "labelKey": "courier_name",
              "valueKey": "courier_name"
          },
          "tableView": true,
          "persistent": false,
          "validateWhenHidden": false
      },
      {
          "label": "Content",
          "refreshOnChange": false,
          "key": "content",
          "type": "content",
          "input": false,
          "tableView": false,
          "html": "<div style='text-align:center;'><img src='${productName}' alt='Contoh Gambar' style='max-width:100%; height:auto;'/></div>",
          "apiSource": {
                "link": "http://192.168.100.18:8004",
                "source": "productName",
                "valueKey": "image"
            }
        },
      {
          "key": "cancel_date",
          "type": "datetime",
          "input": true,
          "label": "Refill Request Date",
          "widget": {
              "mode": "single",
              "type": "calendar",
              "format": "yyyy-MM-dd hh:mm a",
              "locale": "en",
              "maxDate": null,
              "minDate": null,
              "timezone": "Asia/Jakarta",
              "time_24hr": false,
              "allowInput": true,
              "enableTime": true,
              "noCalendar": false,
              "hourIncrement": 1,
              "minuteIncrement": 1,
              "displayInTimezone": "location",
              "useLocaleSettings": false
          },
          "disabled": true,
          "timezone": "Asia/Jakarta",
          "tableView": true,
          "persistent": false,
          "applyMaskOn": "change",
          "clearOnHide": false,
          "calculateValue": "value = new Date(new Date().getTime() + 7 * 60 * 60 * 1000).toISOString().replace('T', ' ').split('.')[0]",
          "displayInTimezone": "location",
          "validateWhenHidden": false
      },
      {
          "key": "submit",
          "type": "button",
          "event": "submit",
          "input": true,
          "label": "Submit",
          "action": "event",
          "tableView": false,
          "customClass": "ml-auto",
          "saveOnEnter": false,
          "showValidations": false
      }
  ]
}